{"stat.pickup.minecraft.pumpkin":1,"stat.walkOneCm":77542,"stat.useItem.minecraft.torch":63,"stat.pickup.minecraft.bone":3,"stat.useItem.minecraft.iron_axe":9,"stat.leaveGame":2,"stat.pickup.minecraft.arrow":2,"stat.pickup.minecraft.crafting_table":4,"stat.mineBlock.minecraft.pumpkin":1,"stat.useItem.minecraft.cobblestone":42,"stat.craftItem.minecraft.crafting_table":1,"stat.furnaceInteraction":34,"stat.drop.minecraft.dirt":1,"stat.craftItem.minecraft.iron_axe":1,"stat.mineBlock.minecraft.coal_ore":215,"stat.craftItem.minecraft.coal":10,"stat.pickup.minecraft.log":6,"stat.swimOneCm":9677,"stat.jump":467,"stat.useItem.minecraft.sand":1,"stat.pickup.minecraft.coal":281,"stat.fallOneCm":7142,"stat.craftItem.minecraft.shield":1,"stat.pickup.minecraft.beef":6,"stat.pickup.minecraft.furnace":6,"stat.useItem.minecraft.stone_axe":53,"stat.craftItem.minecraft.stone_slab2":0,"stat.pickup.minecraft.porkchop":6,"stat.pickup.minecraft.stone":3,"stat.craftItem.minecraft.iron_chestplate":1,"stat.crouchOneCm":9833,"stat.craftItem.minecraft.torch":92,"stat.craftItem.minecraft.iron_ingot":35,"stat.pickup.minecraft.sapling":16,"stat.useItem.minecraft.dirt":12,"stat.pickup.minecraft.dirt":15,"stat.craftItem.minecraft.iron_helmet":1,"stat.sprintOneCm":55340,"stat.useItem.minecraft.stone_slab2":21,"stat.craftItem.minecraft.stick":56,"stat.craftingTableInteraction":11,"stat.pickup.minecraft.iron_ore":72,"stat.pickup.minecraft.rotten_flesh":4,"stat.pickup.minecraft.sand":2,"stat.killEntity.Skeleton":1,"stat.craftItem.minecraft.furnace":2,"stat.useItem.minecraft.sapling":1,"stat.craftItem.minecraft.planks":84,"stat.craftItem.minecraft.stone_axe":1,"stat.mineBlock.minecraft.leaves2":362,"stat.craftItem.minecraft.iron_boots":1,"stat.mineBlock.minecraft.log2":49,"stat.damageTaken":128,"stat.mineBlock.minecraft.crafting_table":4,"stat.pickup.minecraft.leather":2,"stat.craftItem.minecraft.stone_pickaxe":1,"stat.mineBlock.minecraft.furnace":6,"stat.useItem.minecraft.wooden_pickaxe":13,"stat.craftItem.minecraft.cooked_beef":6,"stat.useItem.minecraft.furnace":2,"stat.pickup.minecraft.cobblestone":74,"stat.mobKills":13,"stat.pickup.minecraft.log2":48,"stat.mineBlock.minecraft.log":6,"stat.pickup.minecraft.reeds":12,"stat.flyOneCm":74437,"stat.drop":1,"stat.pickup.minecraft.wheat_seeds":1,"stat.mineBlock.minecraft.sand":2,"stat.mineBlock.minecraft.leaves":53,"stat.playOneMinute":36050,"stat.useItem.minecraft.stone_pickaxe":124,"stat.useItem.minecraft.cooked_beef":3,"stat.sneakTime":3953,"stat.craftItem.minecraft.iron_pickaxe":1,"stat.craftItem.minecraft.iron_leggings":1,"stat.damageDealt":1711,"stat.mineBlock.minecraft.iron_ore":72,"stat.killEntity.Zombie":4,"stat.timeSinceDeath":36050,"stat.killEntity.Cow":4,"stat.mineBlock.minecraft.dirt":14,"stat.useItem.minecraft.iron_pickaxe":234,"stat.craftItem.minecraft.wooden_pickaxe":1,"stat.mineBlock.minecraft.stone":78,"stat.killEntity.Pig":4,"stat.mineBlock.minecraft.tallgrass":6,"stat.diveOneCm":8902}