{"stat.pickup.minecraft.bone":3,"stat.useItem.minecraft.iron_axe":10,"stat.leaveGame":4,"stat.mineBlock.minecraft.pumpkin":1,"stat.craftItem.minecraft.iron_axe":1,"stat.swimOneCm":14350,"stat.craftItem.minecraft.shield":1,"stat.pickup.minecraft.porkchop":6,"stat.useItem.minecraft.dirt":12,"stat.useItem.minecraft.stone_slab2":24,"stat.pickup.minecraft.rotten_flesh":4,"stat.pickup.minecraft.sand":2,"stat.craftItem.minecraft.furnace":2,"stat.craftItem.minecraft.stone_axe":1,"stat.craftItem.minecraft.iron_boots":1,"stat.craftItem.minecraft.stone_pickaxe":1,"stat.craftItem.minecraft.cooked_beef":6,"stat.pickup.minecraft.cobblestone":102,"stat.flyOneCm":76047,"stat.mineBlock.minecraft.sand":2,"stat.useItem.minecraft.cooked_beef":4,"stat.mineBlock.minecraft.iron_ore":79,"stat.timeSinceDeath":43636,"stat.useItem.minecraft.iron_pickaxe":317,"stat.craftItem.minecraft.wooden_pickaxe":1,"stat.furnaceInteraction":41,"stat.drop.minecraft.dirt":1,"stat.mineBlock.minecraft.coal_ore":261,"stat.pickup.minecraft.beef":6,"stat.pickup.minecraft.furnace":8,"stat.craftItem.minecraft.stone_slab2":0,"stat.sprintOneCm":56763,"stat.craftItem.minecraft.stick":56,"stat.mineBlock.minecraft.crafting_table":5,"stat.drop":1,"stat.playOneMinute":43636,"stat.craftItem.minecraft.iron_pickaxe":2,"stat.killEntity.Zombie":4,"stat.mineBlock.minecraft.tallgrass":6,"stat.diveOneCm":15547,"stat.pickup.minecraft.pumpkin":1,"stat.pickup.minecraft.arrow":2,"stat.craftItem.minecraft.coal":10,"stat.jump":535,"stat.useItem.minecraft.sand":1,"stat.pickup.minecraft.coal":327,"stat.fallOneCm":8980,"stat.useItem.minecraft.stone_axe":53,"stat.crouchOneCm":10395,"stat.craftItem.minecraft.torch":92,"stat.craftItem.minecraft.iron_ingot":51,"stat.pickup.minecraft.dirt":15,"stat.craftItem.minecraft.iron_helmet":1,"stat.craftingTableInteraction":13,"stat.pickup.minecraft.iron_ore":79,"stat.useItem.minecraft.sapling":1,"stat.mineBlock.minecraft.leaves2":362,"stat.mineBlock.minecraft.log2":49,"stat.damageTaken":168,"stat.pickup.minecraft.leather":2,"stat.mineBlock.minecraft.furnace":8,"stat.useItem.minecraft.wooden_pickaxe":13,"stat.useItem.minecraft.furnace":3,"stat.pickup.minecraft.log2":48,"stat.pickup.minecraft.reeds":12,"stat.pickup.minecraft.wheat_seeds":1,"stat.useItem.minecraft.stone_pickaxe":124,"stat.craftItem.minecraft.iron_leggings":1,"stat.damageDealt":1711,"stat.killEntity.Cow":4,"stat.mineBlock.minecraft.dirt":14,"stat.killEntity.Pig":4,"stat.walkOneCm":87673,"stat.useItem.minecraft.torch":70,"stat.pickup.minecraft.crafting_table":5,"stat.useItem.minecraft.cobblestone":46,"stat.craftItem.minecraft.crafting_table":1,"stat.pickup.minecraft.log":6,"stat.pickup.minecraft.stone":4,"stat.craftItem.minecraft.iron_chestplate":1,"stat.pickup.minecraft.sapling":16,"stat.killEntity.Skeleton":1,"stat.craftItem.minecraft.planks":84,"stat.mobKills":13,"stat.mineBlock.minecraft.log":6,"stat.mineBlock.minecraft.leaves":53,"stat.sneakTime":4356,"stat.mineBlock.minecraft.stone":107}