{"stat.walkOneCm":13611,"stat.useItem.minecraft.torch":12,"stat.useItem.minecraft.hardened_clay":2,"stat.pickup.minecraft.stick":3,"stat.pickup.minecraft.gravel":10,"stat.leaveGame":1,"stat.pickup.minecraft.crafting_table":3,"stat.craftItem.minecraft.crafting_table":1,"stat.furnaceInteraction":2,"stat.useItem.minecraft.apple":1,"stat.mineBlock.minecraft.deadbush":3,"stat.mineBlock.minecraft.coal_ore":42,"stat.pickup.minecraft.log":20,"stat.jump":189,"stat.swimOneCm":3786,"stat.pickup.minecraft.coal":80,"stat.fallOneCm":4723,"stat.pickup.minecraft.furnace":1,"stat.useItem.minecraft.stone_axe":2,"stat.craftItem.minecraft.stone_slab2":0,"stat.pickup.minecraft.stone":4,"stat.crouchOneCm":4631,"stat.craftItem.minecraft.torch":12,"stat.craftItem.minecraft.iron_ingot":4,"stat.pickup.minecraft.sapling":12,"stat.pickup.minecraft.dirt":4,"stat.mineBlock.minecraft.stained_hardened_clay":5,"stat.sprintOneCm":20934,"stat.useItem.minecraft.stone_slab2":4,"stat.pickup.minecraft.apple":1,"stat.mineBlock.minecraft.hardened_clay":10,"stat.craftItem.minecraft.stick":16,"stat.craftItem.minecraft.wooden_axe":1,"stat.craftingTableInteraction":5,"stat.pickup.minecraft.iron_ore":4,"stat.craftItem.minecraft.furnace":1,"stat.pickup.minecraft.hardened_clay":10,"stat.craftItem.minecraft.planks":24,"stat.craftItem.minecraft.stone_axe":1,"stat.mineBlock.minecraft.crafting_table":3,"stat.damageTaken":50,"stat.craftItem.minecraft.stone_pickaxe":1,"stat.mineBlock.minecraft.torch":8,"stat.mineBlock.minecraft.furnace":1,"stat.useItem.minecraft.wooden_pickaxe":22,"stat.pickup.minecraft.cobblestone":15,"stat.mineBlock.minecraft.log":21,"stat.flyOneCm":42008,"stat.mineBlock.minecraft.leaves":196,"stat.playOneMinute":10173,"stat.pickup.minecraft.torch":8,"stat.useItem.minecraft.stone_pickaxe":59,"stat.sneakTime":2699,"stat.craftItem.minecraft.iron_pickaxe":1,"stat.mineBlock.minecraft.iron_ore":4,"stat.timeSinceDeath":10173,"stat.useItem.minecraft.wooden_axe":14,"stat.mineBlock.minecraft.dirt":4,"stat.pickup.minecraft.stained_hardened_clay":5,"stat.craftItem.minecraft.wooden_pickaxe":1,"stat.mineBlock.minecraft.stone":19,"stat.diveOneCm":4624}